"id","system","theme","title","principle","rule","trap","takehome","source","check_label","check_url"
"1","cardiac","Cardiac rhythm","Aspirin is not an anticoagulant option in AF","AF stroke is a stasis driven fibrin thrombus forming in the left atrial appendage. It is not a platelet driven arterial plaque event, so an antiplatelet is the wrong drug class for the wrong clot.","Score thromboembolic risk with CHA2DS2-VASc, assess bleeding risk with ORBIT, and offer a DOAC first line. Bleeding risk is used to find and modify reversible risk factors, not to withhold anticoagulation.","Withholding anticoagulation solely because of age or falls risk. Use bleeding assessment to address modifiable risks and review treatment, not as an automatic reason to deny stroke prevention.","NICE explicitly says do not offer aspirin monotherapy for stroke prevention in AF.","NICE NG196","NICE NG196 recommendations","https://www.nice.org.uk/guidance/ng196/chapter/recommendations"
"2","cardiac","Cardiac rhythm","Why atropine fails in complete heart block","Atropine blocks parasympathetic activity at the sinoatrial and AV nodes. It is unlikely to help when high-grade block is below the AV node, particularly when the QRS is broad.","For adverse features, give atropine 500 micrograms IV and repeat every 3 to 5 minutes to a maximum of 3 mg, except in high-degree AV block with a wide QRS, where RCUK advises against it because it may be ineffective and can worsen the block. Prepare transcutaneous pacing and seek expert help; alternatives include isoprenaline or adrenaline infusion.","Cycling through atropine in a broad-QRS high-grade block while definitive pacing is delayed. In a transplanted heart atropine can cause high-grade block or sinus arrest; use aminophylline for severe bradycardia.","Broad-QRS high-grade block means prepare pacing and expert support, not repeated atropine.","Resuscitation Council UK ALS 2025","RCUK adult ALS guideline 2025","https://www.resus.org.uk/professional-library/2025-resuscitation-guidelines/adult-advanced-life-support-guidelines"
"3","cardiac","Cardiac rhythm","Adenosine is 6, 12, 18—and delivery matters","Adenosine has a half life under 10 seconds because it is taken up by red cells and endothelium almost immediately. It only works if a bolus reaches the AV node intact.","Give 6 mg, then 12 mg, then 18 mg as rapid IV boluses, each followed immediately by a rapid saline flush through a well-functioning line that is as proximal as practical. Record a rhythm strip throughout, because AV block may reveal the underlying rhythm even if the tachycardia does not terminate.","Injecting slowly or through poorly functioning access, then treating failed delivery as diagnostic failure. Adenosine should be used cautiously when the diagnosis is uncertain and avoided in irregular broad-complex tachycardia.","Use a rapid bolus and immediate flush, and record the rhythm strip.","Resuscitation Council UK adult tachyarrhythmia algorithm, March 2026","RCUK adult tachyarrhythmia algorithm","https://www.resus.org.uk/sites/default/files/2026-03/Adult%20tachyarrhythmia%20algorithm%20V3%20March%202026.pdf"
"4","cardiac","Chest pain and ACS","The troponin pathway matters more than one elevated value","Troponin above the 99th centile shows myocardial injury. A rise or fall supports acute injury, while myocardial infarction also requires clinical evidence of ischaemia; renal disease, heart failure and other illnesses can elevate troponin without infarction.","Follow an assay-specific, validated local pathway and account for time from symptom onset. Some pathways allow rule-out with one very low high-sensitivity troponin in selected low-risk patients; otherwise repeat at the pathway's specified interval.","Calling every mildly elevated troponin an NSTEMI, or using an early value below the 99th centile to rule out ACS when the validated pathway does not allow it.","Use the validated pathway and clinical story; do not diagnose MI from one elevated value.","NICE HTG552 (formerly DG40) and validated local hs-troponin pathways","NICE high-sensitivity troponin recommendations","https://www.nice.org.uk/guidance/HTG552/chapter/1-Recommendations"
"5","cardiac","Chest pain and ACS","High-risk ACS patterns can lack classic ST elevation","Standard ST-elevation criteria do not capture every coronary occlusion or every patient at high risk of imminent infarction.","Posterior infarction may show horizontal ST depression and tall R waves in V1 to V3; obtain V7 to V9. A de Winter pattern is associated with proximal LAD occlusion. Deeply inverted or biphasic T waves in V2 to V3 while pain-free suggest Wellens syndrome and critical proximal LAD disease.","Stress testing a Wellens patient. They need angiography, not a treadmill.","ST depression in V1 to V3 should trigger posterior leads before anything else.","ESC acute coronary syndromes guideline 2023","ESC acute coronary syndromes guideline","https://www.escardio.org/guidelines/clinical-practice-guidelines/all-esc-practice-guidelines/acute-coronary-syndromes/"
"6","cardiac","Chest pain and ACS","The dissection that presents as an inferior STEMI","A type A dissection flap can extend into a coronary ostium, most commonly the right, producing genuine inferior infarction. The ECG is real. The diagnosis is still dissection.","Before thrombolysis for an inferior STEMI, rapidly consider acute aortic syndrome: abrupt severe pain, pulse or blood-pressure differential, new aortic regurgitation, neurological deficit or other high-risk features. A widened mediastinum is supportive but neither sensitive nor specific, and absence of classic features does not exclude dissection.","Full anticoagulation and antiplatelet loading in an undiagnosed dissection.","Inferior STEMI with hypotension needs right sided leads and a moment's thought about the aorta.","ESC peripheral arterial and aortic diseases guideline 2024","ESC aortic diseases guideline","https://www.escardio.org/guidelines/clinical-practice-guidelines/all-esc-practice-guidelines/peripheral-arterial-and-aortic-diseases/"
"7","neurology","Syncope and dizziness","Dizziness is about timing and triggers, not quality","Asking whether it is spinning or lightheaded is unreliable, because patients describe the same symptom differently on different days. Timing and triggers are reproducible. Quality is not.","Sort by syndrome: continuous acute vestibular syndrome, triggered episodic symptoms such as BPPV, or spontaneous episodic symptoms. Use Dix-Hallpike for suspected posterior-canal BPPV. HINTS is for a trained examiner assessing acute vestibular syndrome with nystagmus.","Applying HINTS to a patient who is asymptomatic, has no spontaneous nystagmus, or when the examiner is not trained in the technique.","No nystagmus right now means no HINTS.","GRACE-3 acute dizziness guideline and NICE NG127","GRACE-3 acute dizziness guideline","https://www.saem.org/publications/grace/grace-3"
"8","neurology","Syncope and dizziness","In HINTS, the normal result is the frightening one","The head impulse test assesses the vestibulo-ocular reflex. Vestibular neuritis damages that reflex, so the eyes lag and make a corrective saccade. A brainstem stroke leaves the peripheral apparatus intact, so the reflex looks normal.","In the correct population, central features are a normal head impulse, direction-changing gaze-evoked nystagmus or vertical skew. Any central feature requires urgent stroke assessment; use HINTS only if trained and competent.","Reassurance from an early CT head, which is insensitive for acute posterior-fossa infarction. In the original high-risk acute vestibular syndrome study, expert HINTS was more sensitive than early MRI—not a result that can be generalised to every dizzy patient or untrained examiner.","A normal head impulse in acute continuous vertigo is a red flag, not reassurance.","Kattah et al 2009 and NICE NG127","Kattah et al, HINTS study","https://pubmed.ncbi.nlm.nih.gov/19762709/"
"9","cardiac","Syncope and dizziness","Syncope: the six red flags that change the pathway","Most syncope is benign reflex syncope. The whole job of the assessment is separating that from arrhythmic or structural cardiac syncope, which carries real short term mortality.","NICE red flags are an abnormal ECG, heart failure or its signs, loss of consciousness during exertion, family history of sudden cardiac death under 40 or inherited cardiac disease, new or unexplained breathlessness, and a heart murmur. Record a 12-lead ECG in the initial assessment.","Labelling it collapse query cause and moving on. That phrase carries no diagnostic information and tends to close down thinking.","Syncope on exertion is cardiac until proven otherwise.","NICE CG109","NICE CG109 recommendations","https://www.nice.org.uk/guidance/cg109/chapter/Recommendations"
"10","renal","Electrolytes, part one","Calcium does not lower potassium","There are three separate jobs in hyperkalaemia and they get confused. Stabilise the myocardium, shift potassium into cells, then remove it from the body. Calcium does only the first.","For severe hyperkalaemia with ECG changes, give 10 mL of 10% calcium chloride IV over 5 minutes; if calcium chloride is unavailable, give 30 mL of 10% calcium gluconate over 10 minutes. Shift potassium with insulin-glucose and nebulised salbutamol. Removal may require a potassium binder or dialysis, alongside treating the cause.","Giving calcium and assuming the problem is treated. The serum potassium is entirely unchanged.","Calcium buys you time, it does not fix anything.","UK Kidney Association hyperkalaemia guideline","UKKA hyperkalaemia guideline","https://guidelines.ukkidney.org/hyperkalaemia/"
"11","renal","Electrolytes, part one","The insulin-glucose hypoglycaemia that happens six hours later","The insulin used to shift potassium has a longer duration of glycaemic effect than the glucose given with it, particularly in renal impairment where insulin clearance is reduced.","After insulin-glucose, check capillary glucose at 30, 60, 90 and 120 minutes, then hourly to 6 hours. If pre-treatment glucose is below 7 mmol/L, UKKA advises 10% glucose at 50 mL/hour for 5 hours after the initial treatment.","Giving the insulin and walking away because the potassium is now normal. This is a recognised cause of avoidable overnight harm and a recurring incident report theme.","Pre-treatment glucose under 7 means the patient needs watching for six hours.","UK Kidney Association hyperkalaemia guideline","UKKA hyperkalaemia guideline","https://guidelines.ukkidney.org/hyperkalaemia/"
"12","renal","Electrolytes, part one","Low magnesium can make hypokalaemia refractory","Magnesium normally inhibits the ROMK channel in the distal nephron. When magnesium is depleted that inhibition is lifted, the kidney wastes potassium continuously, and replacement flows straight into the urine.","In any refractory hypokalaemia, check and replace magnesium. It is common in diuretic use, alcohol dependence, diarrhoea, refeeding, and after prolonged PPI therapy.","Prescribing a fourth bag of potassium and rechecking the level, with no magnesium ever measured.","Hypokalaemia that will not budge means check the magnesium.","Renal physiology and clinical reviews of refractory hypokalaemia","Review of distal potassium handling","https://pmc.ncbi.nlm.nih.gov/articles/PMC3074996/"
"13","renal","Electrolytes and diabetes","Hyponatraemia: treat the brain, not the number","Symptoms come from cerebral oedema caused by acute water shift into brain cells. Severity is set by the neurology and the rate of fall, not by how low the number is. A chronic sodium of 118 may be walking and talking. An acute fall to 125 may be fitting.","Severe neurological symptoms require immediate 3% hypertonic saline—150 mL over 20 minutes in the European guideline—with repeat boluses guided by symptoms and an initial rise of about 5 mmol/L. When safe, obtain serum and urine osmolality and urine sodium before treatment, but do not delay emergency therapy.","Giving a litre of 0.9% saline to an undifferentiated hyponatraemia. In SIADH this can make the sodium fall further, because the kidney excretes the salt and retains the water.","Send the urine before you hang the fluid.","European hyponatraemia clinical practice guideline","European hyponatraemia guideline","https://academic.oup.com/ejendo/article/170/3/G1/6668028"
"14","renal","Electrolytes and diabetes","The correction limit that prevents osmotic demyelination","Brain cells adapt to chronic hyponatraemia by extruding osmolytes. Correct the serum sodium faster than they can reclaim those osmolytes and the cells shrink, causing osmotic demyelination. It is irreversible and it presents days later.","Limit the rise to no more than 10 mmol/L in the first 24 hours and 8 mmol/L in each 24 hours thereafter; use a more conservative limit, commonly 8 mmol/L per 24 hours, in patients at high risk of osmotic demyelination.","Auto-correction after the cause is treated—for example after stopping a thiazide or restoring volume—can exceed the limit without further saline. Monitor frequently during active correction and obtain expert help for desmopressin and electrolyte-free water if overcorrection is developing.","The danger is not just what you infuse, it is what the patient does once you remove the cause.","European hyponatraemia clinical practice guideline","European hyponatraemia guideline","https://academic.oup.com/ejendo/article/170/3/G1/6668028"
"15","renal","Electrolytes and diabetes","In DKA, the long acting insulin stays running","The fixed rate insulin infusion treats the ketosis. The background basal insulin does a separate job, preventing rebound hyperglycaemia and ketosis at the moment the infusion stops. Stopping it creates a gap.","Continue the usual long-acting analogue at the usual dose alongside the FRIII. Add 10% glucose when capillary glucose falls below 14 mmol/L and keep insulin running. Resolution is ketones below 0.6 mmol/L with venous pH above 7.3 and/or bicarbonate above 18 mmol/L.","Stopping the infusion when the glucose normalises. The patient is still ketotic and will relapse within hours.","You stop the drip on the ketones, never on the glucose.","JBDS-IP DKA guideline","JBDS adult DKA pathway","https://abcd.care/sites/default/files/site_uploads/JBDS_Guidelines_Current/JBDS_02_Single_page_pathway_March_2023.pdf"
"16","respiratory","Respiratory failure","88 to 92% is a target range, not a ceiling to defend","In oxygen-sensitive hypercapnic respiratory failure, excess oxygen can worsen carbon dioxide retention mainly through ventilation-perfusion mismatch and the Haldane effect; reduced hypoxic drive is a smaller contributor. The target prevents over-oxygenation, not treatment of dangerous hypoxaemia.","94 to 98% for most acutely unwell patients, 88 to 92% for those at risk of hypercapnic respiratory failure pending blood gases. If a patient at risk is saturating at 80%, give high flow oxygen immediately and check a gas. Do not titrate cautiously upward.","Leaving a patient hypoxic because they are a retainer. And the opposite, leaving 15 litres running on a non-rebreathe for hours after the patient has stabilised.","Correct hypoxia first, then titrate down and check a gas.","BTS oxygen guideline","BTS emergency oxygen guideline","https://www.brit-thoracic.org.uk/clinical-resources/guidelines/emergency-oxygen/"
"17","respiratory","Respiratory failure","Start NIV after initial medical therapy—and do not delay it in severe acidosis","Controlled oxygen and initial COPD treatment can improve reversible acidosis, but persistent hypercapnic acidosis is the evidence-based trigger for NIV and delay can be harmful.","Give controlled oxygen to 88 to 92% and optimal medical therapy. Start NIV when pH remains below 7.35 with PaCO2 above 6.5 kPa after initial treatment—often reassessed at about 30 to 60 minutes. Severe acidosis, for example pH below 7.25, needs urgent senior review and should not wait for a chest radiograph.","Treating one hour as an absolute waiting period, or allowing repeated gases to delay ventilation. Document the escalation plan and ceiling of care when NIV starts.","Treat first, reassess promptly, and start NIV without delay when hypercapnic acidosis persists.","BTS/ICS acute hypercapnic respiratory failure guideline","BTS/ICS acute NIV guideline","https://thorax.bmj.com/content/71/Suppl_2/ii1"
"18","respiratory","Respiratory failure","Five days of prednisolone, and no taper","For most patients, the recommended five-day oral corticosteroid course can be stopped without a taper. Individualise if the patient has prolonged or repeated steroid exposure or another reason for adrenal suppression.","Give prednisolone 30 mg once daily for 5 days in an acute COPD exacerbation. Consider antibiotics rather than prescribing them automatically, taking account of sputum colour, volume or thickness, severity, admission risk and evidence of pneumonia.","The reducing regimen over two weeks, and reflex antibiotics for every exacerbation regardless of sputum character.","Thirty milligrams, five days, stop.","NICE NG115 and NG114","NICE COPD recommendations","https://www.nice.org.uk/guidance/ng115/chapter/Recommendations"
"19","respiratory","PE, pneumothorax, pneumonia","Age adjusted D-dimer, and when not to send one at all","D-dimer rises with age, malignancy, infection, pregnancy and surgery. A fixed threshold becomes progressively less useful the older the patient is, generating scans that were never going to be positive.","In a patient over 50 in whom PE is unlikely, consider an age-adjusted threshold; a commonly validated formula is age multiplied by 10 ng/mL FEU, but confirm the assay units and local pathway. If PE is likely, proceed directly to imaging rather than using D-dimer to rule it out.","Sending a D-dimer on everyone with chest pain before any clinical assessment. A positive result in a low probability patient then obliges a scan you did not need.","Score first, then decide whether the D-dimer means anything.","NICE NG158","NICE NG158 recommendations","https://www.nice.org.uk/guidance/ng158/chapter/Recommendations"
"20","respiratory","PE, pneumothorax, pneumonia","Not every PE needs admission","Early PE risk is driven mainly by haemodynamic status, clinical risk and right-ventricular dysfunction, not simply by the visual size of clot on CT.","Use a validated tool such as PESI, sPESI or Hestia to identify patients who may be suitable for outpatient treatment, together with clinical judgement, reliable follow-up and safety-netting. Raised troponin or RV dilatation warrants senior risk review and will usually preclude a simple outpatient pathway.","Calling a PE high risk from clot burden alone. Current risk categories are haemodynamic and clinical; obstruction on the scan must be interpreted with the patient's physiology.","The patient's haemodynamics and right heart matter more than how dramatic the clot looks.","NICE NG158 and ESC acute PE guidance","NICE outpatient PE recommendations","https://www.nice.org.uk/guidance/ng158/chapter/Recommendations#outpatient-treatment-for-low-risk-pe"
"21","respiratory","PE, pneumothorax, pneumonia","Pneumothorax management moved away from the ruler","Size on a chest film is a poor guide to how a patient will do. Symptoms and high risk characteristics predict outcome far better than a measurement in centimetres.","BTS 2023 restructured the pathway around whether the patient is symptomatic and whether high risk characteristics are present, with a much greater role for conservative management and ambulatory devices in stable primary spontaneous pneumothorax. Tension pneumothorax remains a clinical diagnosis needing immediate decompression, never a radiological one.","Reflexively inserting a chest drain in a minimally symptomatic young patient because the rim measured over 2 cm.","Ask how the patient is doing before you measure the film.","BTS pleural disease guideline 2023","BTS pleural disease guideline","https://www.brit-thoracic.org.uk/clinical-resources/guidelines/pleural-disease/"
"22","infection","Sepsis and infection","Lactate is a stress marker, not just a perfusion marker","Lactate rises in shock, but it also rises from beta-2 adrenergic stimulation driving glycolysis, from reduced hepatic clearance, and from any high catecholamine state. The mechanism is not always hypoperfusion.","Consider the alternatives before assuming sepsis: salbutamol nebulisers, seizures, severe agitation, liver failure, metformin accumulation, thiamine deficiency. A falling lactate after resuscitation is genuinely useful. A single value in isolation is much less so.","Anchoring on a raised lactate and giving repeated fluid boluses to a patient whose lactate is high for a non-perfusion reason. And the opposite trap, a normal lactate does not exclude sepsis.","Trend the lactate, do not treat the single number.","Surviving Sepsis Campaign 2021","Surviving Sepsis Campaign guideline","https://pmc.ncbi.nlm.nih.gov/articles/PMC8486643/"
"23","infection","Sepsis and infection","Neutropenic sepsis: do not wait for the count","In a neutropenic patient the usual signs of infection are absent because there are no neutrophils to generate them. There may be no localising signs, no pus and minimal inflammatory response, right up until decompensation.","Suspect neutropenic sepsis in a patient receiving, or recently receiving, anticancer treatment who becomes unwell. Treat it as an acute emergency with immediate empiric broad-spectrum antibiotics; do not wait for the neutrophil count. Follow the local acute-oncology risk window, which is often six weeks, and avoid digital rectal examination.","Waiting for the neutrophil count, or being reassured because the patient looks reasonably well and is apyrexial. Hypothermia counts too.","Antibiotics within the hour, count later.","NICE CG151","NICE neutropenic sepsis recommendations","https://www.nice.org.uk/guidance/cg151/chapter/Recommendations"
"24","infection","Sepsis and infection","The blood cultures are worth the two minutes","Blood cultures can identify the pathogen and support later narrowing of treatment, while antibiotics given first reduce culture yield. Adequate blood volume is a major determinant of sensitivity.","When bloodstream infection is suspected, collect at least two sets—four bottles—with about 8 to 10 mL in each adult bottle before antibiotics if this causes no clinically important delay. Current UK standards allow both sets to be collected during one venepuncture; follow local policy.","Skipping cultures because broad-spectrum treatment has started, or delaying time-critical antibiotics while repeatedly attempting difficult cultures. Obtain them promptly, but treatment urgency comes first.","Two adequately filled sets before antibiotics when feasible; never create a dangerous treatment delay.","UKHSA blood-culture standards and antimicrobial stewardship guidance","UK antimicrobial stewardship guidance","https://www.gov.uk/government/publications/antimicrobial-stewardship-start-smart-then-focus/start-smart-then-focus-antimicrobial-stewardship-toolkit-for-inpatient-care-settings"
"25","renal","Kidneys and fluids","Stopping the ACE inhibitor is not the whole plan","AKI has three mechanisms and they need different responses. Pre-renal means restore perfusion. Post-renal means relieve obstruction. Intrinsic means find the cause, which is where the drug list and the urine dip actually matter.","Every AKI gets a volume assessment, a medication review, a urine dip, and consideration of imaging. If there is no obvious cause, arrange renal tract ultrasound within 24 hours. Blood and protein with no infection should prompt thought about glomerulonephritis or vasculitis, which is a same day discussion.","Stopping the nephrotoxics, prescribing a litre of fluid, and considering the problem addressed. That misses obstruction and misses intrinsic disease.","Every AKI needs a urine dip and a reason.","NICE NG148 and KDIGO","NICE acute kidney injury recommendations","https://www.nice.org.uk/guidance/ng148/chapter/Recommendations"
"26","renal","Kidneys and fluids","Post-obstructive diuresis is a real thing","After relief of chronic obstruction the kidney cannot immediately reconcentrate urine. Retained solute plus impaired tubular function produces a large physiological diuresis, which in a minority becomes pathological and causes hypovolaemia and electrolyte collapse.","After catheterising a patient who drains a large residual volume, monitor hourly urine output and check electrolytes. Replace fluid if output is very high or the patient becomes hypovolaemic, but do not match output millilitre for millilitre by default, because that perpetuates the diuresis.","Catheterising at 2am, documenting the residual volume, and going back to bed with no monitoring plan written.","A big residual volume needs an observation plan, not just a number in the notes.","BAUS teaching and peer-reviewed obstructive uropathy guidance","Review of obstructive uropathy management","https://pmc.ncbi.nlm.nih.gov/articles/PMC9846865/"
"27","renal","Kidneys and fluids","The five Rs, and why maintenance is not resuscitation","Fluid is a drug with a dose, a route and side effects. The commonest prescribing error is using resuscitation rate fluid to correct a maintenance problem, or the reverse.","Every fluid prescription answers one of five questions: resuscitation, routine maintenance, replacement of ongoing losses, redistribution, or reassessment. For resuscitation, NICE advises 500 mL of a crystalloid containing sodium 130 to 154 mmol/L over less than 15 minutes, then reassess. Routine maintenance is roughly 25 to 30 mL/kg/day of water with about 1 mmol/kg/day each of sodium, potassium and chloride.","Continuous 0.9% saline as maintenance. It delivers several times the daily sodium requirement and produces hyperchloraemic acidosis and oedema.","Write which of the five Rs you are prescribing for, on the chart.","NICE CG174","NICE IV fluid recommendations","https://www.nice.org.uk/guidance/cg174/chapter/recommendations"
"28","neurology","Neurology","The thrombectomy window is far longer than the thrombolysis window","Whether tissue is salvageable depends on collateral circulation, not on the clock alone. Perfusion imaging identifies patients with a small infarct core and a large threatened penumbra, who benefit long after the standard window.","Offer thrombolysis within 4.5 hours of known onset when eligible; selected wake-up or unknown-onset strokes may also qualify using advanced imaging. Offer thrombectomy for eligible proximal anterior-circulation occlusion up to 6 hours, and consider it from 6 to 24 hours when imaging shows salvageable tissue.","Standing down a stroke call because the patient woke with symptoms, or because it is nine hours since onset. That decision belongs to the thrombectomy centre with the imaging in front of them.","Late presentation is a reason to call the stroke team, not a reason not to.","NICE NG128","NICE stroke recommendations","https://www.nice.org.uk/guidance/ng128/chapter/Recommendations"
"29","neurology","Neurology","Anticoagulants and most antiplatelets change the head-injury CT threshold","Anticoagulant and antiplatelet treatment can increase the risk of intracranial bleeding after head injury, including when the usual clinical CT indications are absent.","For a patient on anticoagulants or antiplatelet treatment other than aspirin monotherapy, NICE says to consider CT within 8 hours if there is no other indication, or within 1 hour if they present more than 8 hours after injury. One-hour indications include initial GCS 12 or less, GCS below 15 at 2 hours, skull-fracture signs, seizure, focal deficit or more than one vomiting episode.","Treating the additional indication as an automatic-scan rule, forgetting it includes antiplatelets except aspirin alone, or discharging without assessing supervision and giving clear delayed-bleeding safety-net advice.","Anticoagulants or antiplatelets other than aspirin alone should prompt active consideration of CT even without another indication.","NICE NG232","NICE head injury recommendations","https://www.nice.org.uk/guidance/NG232/chapter/recommendations"
"30","neurology","Neurology","4AT takes under two minutes, and confused is not a diagnosis","Delirium is under-recognised because hypoactive delirium is common, easily missed and can look like fatigue or depression. It is associated with increased mortality and length of stay.","The 4AT has four components: alertness, orientation with AMT4, attention tested by reciting the months backwards, and evidence of acute change or fluctuation. A score of 4 or above suggests delirium. Then find the cause: infection, retention, constipation, pain, drugs, withdrawal, metabolic derangement.","Writing confused, for review in the notes. It records the observation without triggering the search for a cause, which is the entire clinical value.","Months of the year backwards is a twenty second screening test you can do at the bedside.","NICE CG103 and the 4AT","Official 4AT clinical guide","https://www.the4at.com/aboutthe4at"
"31","drugs","Toxicology and GI bleeding","The two bag paracetamol regimen","Non-IgE-mediated reactions to acetylcysteine are related in part to the high initial infusion rate in the traditional regimen. In studies, the slower two-bag SNAP regimen reduced adverse reactions without increasing liver injury.","The SNAP regimen gives 100 mg/kg over 2 hours then 200 mg/kg over 10 hours. It is off-label and not universal, so use TOXBASE and the adopted local protocol. If a reaction occurs, manage it according to that protocol and obtain toxicology advice rather than labelling acetylcysteine as a permanent allergy.","Stopping acetylcysteine permanently after a flushing reaction and leaving the patient untreated.","An acetylcysteine reaction means slow the infusion, not stop the treatment.","SNAP clinical studies. This regimen is off-label; follow TOXBASE and local policy","SNAP regimen safety and efficacy study","https://pmc.ncbi.nlm.nih.gov/articles/PMC6610779/"
"32","drugs","Toxicology and GI bleeding","Give thiamine with glucose—but never delay emergency glucose","Thiamine is required for carbohydrate metabolism. Prolonged carbohydrate administration to a severely thiamine-deficient patient may worsen or precipitate Wernicke's encephalopathy, but evidence does not support withholding urgent glucose.","Treat hypoglycaemia immediately. In patients at risk through alcohol dependence, malnutrition or prolonged vomiting, give parenteral thiamine before, alongside or promptly after glucose without delaying glucose delivery. Do not wait for the classic triad of confusion, ataxia and eye signs.","Delaying glucose in a hypoglycaemic patient while sourcing thiamine, or waiting for the full Wernicke triad before treating thiamine deficiency.","Emergency glucose comes first; give thiamine promptly as well when deficiency is plausible.","NICE CG100 and evidence review of glucose-before-thiamine","Glucose-before-thiamine evidence review","https://www.sciencedirect.com/science/article/pii/S0736467911008547"
"33","gastro","Toxicology and GI bleeding","A Blatchford score of 0 or 1 may support outpatient care","The Glasgow-Blatchford score is built entirely from pre-endoscopy variables and predicts need for intervention. It is the only widely used bleeding score designed for exactly the decision you are making at 3am.","Calculate Glasgow-Blatchford score at presentation. BSG guidance supports considering outpatient management at a score of 0 or 1 if the wider clinical and social assessment is safe; NICE specifically highlights a score of 0 for early discharge. Patients admitted should undergo endoscopy within 24 hours, or urgently after resuscitation if unstable.","Using the score as an automatic discharge instruction, or transfusing a stable patient to a normal haemoglobin. A restrictive threshold around 70 g/L is usual for most stable patients, but haemodynamic instability and acute coronary disease require individualisation.","Blatchford before endoscopy, Rockall after.","BSG acute upper GI bleeding care bundle and NICE CG141","BSG acute upper GI bleeding care bundle","https://www.bsg.org.uk/clinical-resource/bsge-acute-upper-gi-bleed-care-bundle"
"34","drugs","Peri-arrest and prescribing","Anaphylaxis: the drug is adrenaline and the site is the thigh","The anterolateral thigh has large muscle bulk and high blood flow, giving the fastest reliable peak concentration. Adrenaline is the only drug that reverses the underlying pathology rather than one symptom of it.","Give 500 micrograms of 1 mg/mL adrenaline IM into the anterolateral thigh in an adult and repeat after 5 minutes if there is no improvement. Lie the patient flat with legs raised; a patient with severe breathing difficulty may sit with legs extended, but do not let them stand or walk.","Reaching for chlorphenamine and hydrocortisone first. Both were removed from the RCUK 2021 acute algorithm because neither does anything for airway compromise or shock.","After two IM doses without response, call for expert help and start an IV adrenaline infusion; continue 5-minute IM doses until the infusion is running.","Resuscitation Council UK guideline 2025 and refractory anaphylaxis guidance","RCUK special-circumstances guideline","https://www.resus.org.uk/professional-library/2025-resuscitation-guidelines/special-circumstances-guidelines"
"35","drugs","Peri-arrest and prescribing","A common preventable cause of long QT is on the drug chart","The QT interval reflects ventricular repolarisation, mostly via potassium channels. Many common drugs block those channels and the effect is additive when you stack them. Hypokalaemia, hypomagnesaemia and bradycardia all amplify it.","QTc above 500 ms, or an increase of more than 60 ms from baseline, is high risk. Review QT-prolonging medicines and interactions, correct hypokalaemia and hypomagnesaemia into the normal or high-normal range as locally advised, and obtain senior advice if risk persists.","Prescribing ondansetron and clarithromycin together to a hypokalaemic patient already on citalopram, and never looking at an ECG. This is one of the more preventable causes of in-hospital torsades.","Before adding a QT prolonging drug, look at the potassium and at what is already on the chart.","MHRA drug safety updates and peer-reviewed QT guidance","Review of drug-induced QT prolongation","https://pmc.ncbi.nlm.nih.gov/articles/PMC4860751/"
"36","drugs","Peri-arrest and prescribing","Digoxin toxicity happens at normal levels","Serum digoxin concentration does not reliably correlate with toxicity, especially in chronic exposure. Renal impairment, hypokalaemia and hypomagnesaemia increase susceptibility, so toxicity can occur within the quoted therapeutic range.","Diagnose from the clinical picture, ECG, renal function, electrolytes and a correctly timed level—at least 6 hours after the last dose. Digoxin-specific antibody fragments are indicated for life-threatening toxicity; discuss significant suspected toxicity with toxicology early.","Excluding toxicity because the level came back in range, and taking the level too soon after a dose, when it is uninterpretable before six hours.","Low potassium makes a normal digoxin level dangerous.","TOXBASE and expert consensus guidance","Digoxin-toxicity consensus guidance","https://pmc.ncbi.nlm.nih.gov/articles/PMC10599802/"
"37","gastro","Gastroenterology and hepatology","Every admission with ascites gets a diagnostic tap","In cirrhosis the ascitic fluid is a culture medium and the gut wall is leaky, so infection arises with no perforation and no surgical source. It frequently presents without abdominal pain or fever, sometimes as nothing more than a rising creatinine or new confusion.","Perform diagnostic paracentesis without delay in every hospital admission with cirrhotic ascites, ideally before antibiotics. An ascitic neutrophil count above 250 cells/mm³ establishes spontaneous bacterial peritonitis. Treat with antibiotics; BSG/BASL recommends albumin when creatinine is increased or rising.","Not tapping because the patient looks well or because coagulation tests are abnormal. Routine prothrombin-time or platelet measurement and prophylactic blood products are not recommended before paracentesis.","Two hundred and fifty neutrophils is the number, and the culture does not have to be positive.","BSG/BASL ascites guideline","BSG/BASL ascites guideline","https://gut.bmj.com/content/70/1/9"
"38","gastro","Gastroenterology and hepatology","Encephalopathy is a search for the precipitant","Overt hepatic encephalopathy commonly has an identifiable precipitant. Treating infection, bleeding, constipation, dehydration, electrolyte disturbance or sedating medicines is central to recovery.","Look for it every time: infection including SBP, gastrointestinal bleeding, constipation, dehydration or over-diuresis, electrolyte disturbance, and sedative drugs. Lactulose titrated to two or three soft stools a day, with rifaximin added for recurrent episodes.","Using an elevated ammonia level to diagnose or grade encephalopathy. It correlates poorly with severity; a normal value should prompt diagnostic reconsideration. Also exclude other causes of confusion such as hypoglycaemia, sepsis, Wernicke's encephalopathy or subdural bleeding.","Hepatic encephalopathy is a clinical diagnosis; search for and treat the precipitant.","EASL/AASLD hepatic encephalopathy guidance","AASLD hepatic encephalopathy review","https://www.aasld.org/liver-fellow-network/core-series/back-basics/back-basics-decoding-hepatic-encephalopathy"
"39","gastro","Gastroenterology and hepatology","In cirrhotic bleeding, antibiotics are a mortality treatment","Bacterial infection is common around acute variceal bleeding and increases rebleeding and death. Antibiotic prophylaxis improves survival; vasoactive treatment and timely endoscopic haemostasis are also core mortality-focused care.","Start antibiotic prophylaxis from admission for cirrhosis with upper gastrointestinal bleeding. If variceal bleeding is suspected, start terlipressin unless contraindicated and arrange endoscopy within 12 hours once haemodynamically resuscitated.","Waiting for endoscopy to confirm varices before starting either drug. And over-transfusing, which raises portal pressure and provokes rebleeding, so hold to the restrictive threshold of 70 g/L.","Antibiotics in a cirrhotic bleed are a mortality intervention, not optional prophylaxis.","NICE CG141, BSG and Baveno VII guidance","Baveno VII consensus","https://pmc.ncbi.nlm.nih.gov/articles/PMC11090185/"
"40","gastro","Gastroenterology and hepatology","Pancreatic enzymes help diagnose pancreatitis, not grade its severity","Early mortality in acute pancreatitis is driven by SIRS and organ failure, not by the pancreas itself. The enzyme level reflects neither how much gland is involved nor how sick the patient will become.","Diagnosis requires two of three: characteristic pain, amylase or preferably lipase more than three times the upper limit of normal, or characteristic imaging. Use moderate, goal-directed fluid resuscitation—lactated Ringer's is preferred—find the cause with ultrasound and history, and check calcium and triglycerides when appropriate.","Prophylactic antibiotics with no proven infection, which do not improve outcome. And keeping patients nil by mouth by reflex, when early oral feeding as tolerated is now preferred in mild disease.","A normal or mildly raised amylase does not reassure, and a very high one does not frighten.","ACG 2024 and international acute pancreatitis guidance","ACG acute pancreatitis guideline","https://pmc.ncbi.nlm.nih.gov/articles/PMC13221274/"
"41","gastro","Gastroenterology and hepatology","Acute severe colitis: day three is the decision point","Acute severe ulcerative colitis carries real mortality and its decision points are time bound. Truelove and Witts criteria identify it on day one, and failure to respond by day three is what triggers rescue therapy or surgery.","Six or more bloody stools a day plus any one of: temperature above 37.8°C, pulse above 90, haemoglobin below 105 g/L, or ESR above 30 mm/hour. Admit for intravenous steroids, stool chart, C. difficile testing, early flexible sigmoidoscopy with biopsies including for CMV, and appropriate abdominal imaging. Assess response on day 3 with the IBD and surgical teams involved early.","Withholding pharmacological VTE prophylaxis solely because of rectal bleeding. Acute severe colitis is strongly prothrombotic and prophylaxis is indicated unless there is a true contraindication. Avoid antimotility drugs and opioids because of toxic-megacolon risk.","Rectal bleeding is not a reason to withhold VTE prophylaxis in colitis.","BSG inflammatory bowel disease guideline 2025","BSG adult IBD guideline 2025","https://www.bsg.org.uk/clinical-resource/bsg-guidelines-on-ibd-in-adults-2025"
